지점,지점명,일시,기온(°C)
108,서울,2020-02-08 00:01,-.1
108,서울,2020-02-08 00:02,-.1
108,서울,2020-02-08 00:03,-.1
108,서울,2020-02-08 00:04,-.1
108,서울,2020-02-08 00:05,-.1
108,서울,2020-02-08 00:06,-.1
108,서울,2020-02-08 00:07,-.1
108,서울,2020-02-08 00:08,-.1
108,서울,2020-02-08 00:09,-.1
108,서울,2020-02-08 00:10,-.1
108,서울,2020-02-08 00:11,-.1
108,서울,2020-02-08 00:12,-.1
108,서울,2020-02-08 00:13,-.1
108,서울,2020-02-08 00:14,-.1
108,서울,2020-02-08 00:15,-.1
108,서울,2020-02-08 00:16,-.1
108,서울,2020-02-08 00:17,-.1
108,서울,2020-02-08 00:18,-.1
108,서울,2020-02-08 00:19,-.1
108,서울,2020-02-08 00:20,-.1
108,서울,2020-02-08 00:21,-.1
108,서울,2020-02-08 00:22,-.1
108,서울,2020-02-08 00:23,-.1
108,서울,2020-02-08 00:24,-.1
108,서울,2020-02-08 00:25,-.1
108,서울,2020-02-08 00:26,-.1
108,서울,2020-02-08 00:27,-.1
108,서울,2020-02-08 00:28,-.1
108,서울,2020-02-08 00:29,-.1
108,서울,2020-02-08 00:30,-.1
108,서울,2020-02-08 00:31,-.1
108,서울,2020-02-08 00:32,-.1
108,서울,2020-02-08 00:33,-.1
108,서울,2020-02-08 00:34,-.1
108,서울,2020-02-08 00:35,-.1
108,서울,2020-02-08 00:36,-.1
108,서울,2020-02-08 00:37,0
108,서울,2020-02-08 00:38,-.1
108,서울,2020-02-08 00:39,-.1
108,서울,2020-02-08 00:40,0
108,서울,2020-02-08 00:41,-.1
108,서울,2020-02-08 00:42,-.1
108,서울,2020-02-08 00:43,0
108,서울,2020-02-08 00:44,0
108,서울,2020-02-08 00:45,0
108,서울,2020-02-08 00:46,0
108,서울,2020-02-08 00:47,0
108,서울,2020-02-08 00:48,0
108,서울,2020-02-08 00:49,0
108,서울,2020-02-08 00:50,0
108,서울,2020-02-08 00:51,0
108,서울,2020-02-08 00:52,0
108,서울,2020-02-08 00:53,0
108,서울,2020-02-08 00:54,0
108,서울,2020-02-08 00:55,0
108,서울,2020-02-08 00:56,0
108,서울,2020-02-08 00:57,0
108,서울,2020-02-08 00:58,0
108,서울,2020-02-08 00:59,0
108,서울,2020-02-08 01:00,0
108,서울,2020-02-08 01:01,0
108,서울,2020-02-08 01:02,0
108,서울,2020-02-08 01:03,0
108,서울,2020-02-08 01:04,0
108,서울,2020-02-08 01:05,0
108,서울,2020-02-08 01:06,0
108,서울,2020-02-08 01:07,0
108,서울,2020-02-08 01:08,0
108,서울,2020-02-08 01:09,0
108,서울,2020-02-08 01:10,0
108,서울,2020-02-08 01:11,0
108,서울,2020-02-08 01:12,0
108,서울,2020-02-08 01:13,0
108,서울,2020-02-08 01:14,0
108,서울,2020-02-08 01:15,0
108,서울,2020-02-08 01:16,0
108,서울,2020-02-08 01:17,0
108,서울,2020-02-08 01:18,0
108,서울,2020-02-08 01:19,0
108,서울,2020-02-08 01:20,0
108,서울,2020-02-08 01:21,0
108,서울,2020-02-08 01:22,0
108,서울,2020-02-08 01:23,0
108,서울,2020-02-08 01:24,0
108,서울,2020-02-08 01:25,0
108,서울,2020-02-08 01:26,0
108,서울,2020-02-08 01:27,0
108,서울,2020-02-08 01:28,0
108,서울,2020-02-08 01:29,0
108,서울,2020-02-08 01:30,0
108,서울,2020-02-08 01:31,0
108,서울,2020-02-08 01:32,0
108,서울,2020-02-08 01:33,0
108,서울,2020-02-08 01:34,0
108,서울,2020-02-08 01:35,0
108,서울,2020-02-08 01:36,0
108,서울,2020-02-08 01:37,0
108,서울,2020-02-08 01:38,0
108,서울,2020-02-08 01:39,0
108,서울,2020-02-08 01:40,0
108,서울,2020-02-08 01:41,0
108,서울,2020-02-08 01:42,0
108,서울,2020-02-08 01:43,0
108,서울,2020-02-08 01:44,0
108,서울,2020-02-08 01:45,0
108,서울,2020-02-08 01:46,0
108,서울,2020-02-08 01:47,0
108,서울,2020-02-08 01:48,0
108,서울,2020-02-08 01:49,0
108,서울,2020-02-08 01:50,0
108,서울,2020-02-08 01:51,0
108,서울,2020-02-08 01:52,0
108,서울,2020-02-08 01:53,0
108,서울,2020-02-08 01:54,0
108,서울,2020-02-08 01:55,0
108,서울,2020-02-08 01:56,0
108,서울,2020-02-08 01:57,0
108,서울,2020-02-08 01:58,0
108,서울,2020-02-08 01:59,0
108,서울,2020-02-08 02:00,0
108,서울,2020-02-08 02:01,0
108,서울,2020-02-08 02:02,0
108,서울,2020-02-08 02:03,0
108,서울,2020-02-08 02:04,0
108,서울,2020-02-08 02:05,0
108,서울,2020-02-08 02:06,0
108,서울,2020-02-08 02:07,0
108,서울,2020-02-08 02:08,0
108,서울,2020-02-08 02:09,0
108,서울,2020-02-08 02:10,0
108,서울,2020-02-08 02:11,0
108,서울,2020-02-08 02:12,0
108,서울,2020-02-08 02:13,0
108,서울,2020-02-08 02:14,0
108,서울,2020-02-08 02:15,-.1
108,서울,2020-02-08 02:16,-.1
108,서울,2020-02-08 02:17,0
108,서울,2020-02-08 02:18,-.1
108,서울,2020-02-08 02:19,-.1
108,서울,2020-02-08 02:20,-.1
108,서울,2020-02-08 02:21,-.1
108,서울,2020-02-08 02:22,-.1
108,서울,2020-02-08 02:23,-.1
108,서울,2020-02-08 02:24,-.1
108,서울,2020-02-08 02:25,-.1
108,서울,2020-02-08 02:26,-.1
108,서울,2020-02-08 02:27,-.1
108,서울,2020-02-08 02:28,-.1
108,서울,2020-02-08 02:29,-.1
108,서울,2020-02-08 02:30,-.1
108,서울,2020-02-08 02:31,-.1
108,서울,2020-02-08 02:32,-.1
108,서울,2020-02-08 02:33,-.1
108,서울,2020-02-08 02:34,-.1
108,서울,2020-02-08 02:35,-.1
108,서울,2020-02-08 02:36,-.2
108,서울,2020-02-08 02:37,-.2
108,서울,2020-02-08 02:38,-.2
108,서울,2020-02-08 02:39,-.2
108,서울,2020-02-08 02:40,-.2
108,서울,2020-02-08 02:41,-.2
108,서울,2020-02-08 02:42,-.2
108,서울,2020-02-08 02:43,-.2
108,서울,2020-02-08 02:44,-.2
108,서울,2020-02-08 02:45,-.3
108,서울,2020-02-08 02:46,-.3
108,서울,2020-02-08 02:47,-.3
108,서울,2020-02-08 02:48,-.3
108,서울,2020-02-08 02:49,-.3
108,서울,2020-02-08 02:50,-.3
108,서울,2020-02-08 02:51,-.3
108,서울,2020-02-08 02:52,-.3
108,서울,2020-02-08 02:53,-.3
108,서울,2020-02-08 02:54,-.3
108,서울,2020-02-08 02:55,-.3
108,서울,2020-02-08 02:56,-.3
108,서울,2020-02-08 02:57,-.3
108,서울,2020-02-08 02:58,-.3
108,서울,2020-02-08 02:59,-.3
108,서울,2020-02-08 03:00,-.4
108,서울,2020-02-08 03:01,-.4
108,서울,2020-02-08 03:02,-.4
108,서울,2020-02-08 03:03,-.4
108,서울,2020-02-08 03:04,-.4
108,서울,2020-02-08 03:05,-.4
108,서울,2020-02-08 03:06,-.4
108,서울,2020-02-08 03:07,-.4
108,서울,2020-02-08 03:08,-.4
108,서울,2020-02-08 03:09,-.4
108,서울,2020-02-08 03:10,-.4
108,서울,2020-02-08 03:11,-.4
108,서울,2020-02-08 03:12,-.4
108,서울,2020-02-08 03:13,-.4
108,서울,2020-02-08 03:14,-.5
108,서울,2020-02-08 03:15,-.4
108,서울,2020-02-08 03:16,-.5
108,서울,2020-02-08 03:17,-.5
108,서울,2020-02-08 03:18,-.5
108,서울,2020-02-08 03:19,-.5
108,서울,2020-02-08 03:20,-.5
108,서울,2020-02-08 03:21,-.5
108,서울,2020-02-08 03:22,-.5
108,서울,2020-02-08 03:23,-.5
108,서울,2020-02-08 03:24,-.5
108,서울,2020-02-08 03:25,-.5
108,서울,2020-02-08 03:26,-.5
108,서울,2020-02-08 03:27,-.5
108,서울,2020-02-08 03:28,-.5
108,서울,2020-02-08 03:29,-.6
108,서울,2020-02-08 03:30,-.5
108,서울,2020-02-08 03:31,-.6
108,서울,2020-02-08 03:32,-.6
108,서울,2020-02-08 03:33,-.6
108,서울,2020-02-08 03:34,-.6
108,서울,2020-02-08 03:35,-.6
108,서울,2020-02-08 03:36,-.6
108,서울,2020-02-08 03:37,-.6
108,서울,2020-02-08 03:38,-.6
108,서울,2020-02-08 03:39,-.6
108,서울,2020-02-08 03:40,-.6
108,서울,2020-02-08 03:41,-.6
108,서울,2020-02-08 03:42,-.6
108,서울,2020-02-08 03:43,-.6
108,서울,2020-02-08 03:44,-.6
108,서울,2020-02-08 03:45,-.6
108,서울,2020-02-08 03:46,-.6
108,서울,2020-02-08 03:47,-.6
108,서울,2020-02-08 03:48,-.6
108,서울,2020-02-08 03:49,-.6
108,서울,2020-02-08 03:50,-.6
108,서울,2020-02-08 03:51,-.6
108,서울,2020-02-08 03:52,-.6
108,서울,2020-02-08 03:53,-.6
108,서울,2020-02-08 03:54,-.6
108,서울,2020-02-08 03:55,-.6
108,서울,2020-02-08 03:56,-.6
108,서울,2020-02-08 03:57,-.6
108,서울,2020-02-08 03:58,-.6
108,서울,2020-02-08 03:59,-.7
108,서울,2020-02-08 04:00,-.7
108,서울,2020-02-08 04:01,-.6
108,서울,2020-02-08 04:02,-.7
108,서울,2020-02-08 04:03,-.7
108,서울,2020-02-08 04:04,-.6
108,서울,2020-02-08 04:05,-.7
108,서울,2020-02-08 04:06,-.7
108,서울,2020-02-08 04:07,-.7
108,서울,2020-02-08 04:08,-.7
108,서울,2020-02-08 04:09,-.7
108,서울,2020-02-08 04:10,-.7
108,서울,2020-02-08 04:11,-.7
108,서울,2020-02-08 04:12,-.7
108,서울,2020-02-08 04:13,-.7
108,서울,2020-02-08 04:14,-.7
108,서울,2020-02-08 04:15,-.7
108,서울,2020-02-08 04:16,-.7
108,서울,2020-02-08 04:17,-.7
108,서울,2020-02-08 04:18,-.7
108,서울,2020-02-08 04:19,-.7
108,서울,2020-02-08 04:20,-.7
108,서울,2020-02-08 04:21,-.7
108,서울,2020-02-08 04:22,-.7
108,서울,2020-02-08 04:23,-.7
108,서울,2020-02-08 04:24,-.7
108,서울,2020-02-08 04:25,-.7
108,서울,2020-02-08 04:26,-.7
108,서울,2020-02-08 04:27,-.7
108,서울,2020-02-08 04:28,-.7
108,서울,2020-02-08 04:29,-.7
108,서울,2020-02-08 04:30,-.7
108,서울,2020-02-08 04:31,-.7
108,서울,2020-02-08 04:32,-.7
108,서울,2020-02-08 04:33,-.8
108,서울,2020-02-08 04:34,-.7
108,서울,2020-02-08 04:35,-.8
108,서울,2020-02-08 04:36,-.8
108,서울,2020-02-08 04:37,-.8
108,서울,2020-02-08 04:38,-.8
108,서울,2020-02-08 04:39,-.8
108,서울,2020-02-08 04:40,-.8
108,서울,2020-02-08 04:41,-.8
108,서울,2020-02-08 04:42,-.8
108,서울,2020-02-08 04:43,-.8
108,서울,2020-02-08 04:44,-.8
108,서울,2020-02-08 04:45,-.8
108,서울,2020-02-08 04:46,-.8
108,서울,2020-02-08 04:47,-.8
108,서울,2020-02-08 04:48,-.8
108,서울,2020-02-08 04:49,-.8
108,서울,2020-02-08 04:50,-.8
108,서울,2020-02-08 04:51,-.8
108,서울,2020-02-08 04:52,-.8
108,서울,2020-02-08 04:53,-.8
108,서울,2020-02-08 04:54,-.8
108,서울,2020-02-08 04:55,-.9
108,서울,2020-02-08 04:56,-.9
108,서울,2020-02-08 04:57,-.9
108,서울,2020-02-08 04:58,-.9
108,서울,2020-02-08 04:59,-.9
108,서울,2020-02-08 05:00,-.9
108,서울,2020-02-08 05:01,-.9
108,서울,2020-02-08 05:02,-.9
108,서울,2020-02-08 05:03,-.9
108,서울,2020-02-08 05:04,-.9
108,서울,2020-02-08 05:05,-.9
108,서울,2020-02-08 05:06,-.9
108,서울,2020-02-08 05:07,-.9
108,서울,2020-02-08 05:08,-.9
108,서울,2020-02-08 05:09,-.9
108,서울,2020-02-08 05:10,-.9
108,서울,2020-02-08 05:11,-.9
108,서울,2020-02-08 05:12,-.9
108,서울,2020-02-08 05:13,-.9
108,서울,2020-02-08 05:14,-.9
108,서울,2020-02-08 05:15,-.9
108,서울,2020-02-08 05:16,-.9
108,서울,2020-02-08 05:17,-.9
108,서울,2020-02-08 05:18,-.9
108,서울,2020-02-08 05:19,-.9
108,서울,2020-02-08 05:20,-1
108,서울,2020-02-08 05:21,-1
108,서울,2020-02-08 05:22,-1
108,서울,2020-02-08 05:23,-1
108,서울,2020-02-08 05:24,-1
108,서울,2020-02-08 05:25,-1
108,서울,2020-02-08 05:26,-1
108,서울,2020-02-08 05:27,-1
108,서울,2020-02-08 05:28,-1
108,서울,2020-02-08 05:29,-1
108,서울,2020-02-08 05:30,-1
108,서울,2020-02-08 05:31,-1
108,서울,2020-02-08 05:32,-1
108,서울,2020-02-08 05:33,-1
108,서울,2020-02-08 05:34,-1
108,서울,2020-02-08 05:35,-1
108,서울,2020-02-08 05:36,-1.1
108,서울,2020-02-08 05:37,-1.1
108,서울,2020-02-08 05:38,-1.1
108,서울,2020-02-08 05:39,-1.1
108,서울,2020-02-08 05:40,-1.1
108,서울,2020-02-08 05:41,-1.1
108,서울,2020-02-08 05:42,-1.1
108,서울,2020-02-08 05:43,-1.1
108,서울,2020-02-08 05:44,-1.1
108,서울,2020-02-08 05:45,-1.1
108,서울,2020-02-08 05:46,-1.1
108,서울,2020-02-08 05:47,-1.1
108,서울,2020-02-08 05:48,-1.1
108,서울,2020-02-08 05:49,-1.1
108,서울,2020-02-08 05:50,-1.1
108,서울,2020-02-08 05:51,-1.1
108,서울,2020-02-08 05:52,-1.1
108,서울,2020-02-08 05:53,-1.2
108,서울,2020-02-08 05:54,-1.2
108,서울,2020-02-08 05:55,-1.2
108,서울,2020-02-08 05:56,-1.2
108,서울,2020-02-08 05:57,-1.2
108,서울,2020-02-08 05:58,-1.2
108,서울,2020-02-08 05:59,-1.2
108,서울,2020-02-08 06:00,-1.2
108,서울,2020-02-08 06:01,-1.2
108,서울,2020-02-08 06:02,-1.2
108,서울,2020-02-08 06:03,-1.2
108,서울,2020-02-08 06:04,-1.2
108,서울,2020-02-08 06:05,-1.2
108,서울,2020-02-08 06:06,-1.2
108,서울,2020-02-08 06:07,-1.2
108,서울,2020-02-08 06:08,-1.2
108,서울,2020-02-08 06:09,-1.2
108,서울,2020-02-08 06:10,-1.2
108,서울,2020-02-08 06:11,-1.2
108,서울,2020-02-08 06:12,-1.3
108,서울,2020-02-08 06:13,-1.3
108,서울,2020-02-08 06:14,-1.3
108,서울,2020-02-08 06:15,-1.3
108,서울,2020-02-08 06:16,-1.3
108,서울,2020-02-08 06:17,-1.3
108,서울,2020-02-08 06:18,-1.3
108,서울,2020-02-08 06:19,-1.4
108,서울,2020-02-08 06:20,-1.4
108,서울,2020-02-08 06:21,-1.4
108,서울,2020-02-08 06:22,-1.4
108,서울,2020-02-08 06:23,-1.4
108,서울,2020-02-08 06:24,-1.4
108,서울,2020-02-08 06:25,-1.4
108,서울,2020-02-08 06:26,-1.4
108,서울,2020-02-08 06:27,-1.4
108,서울,2020-02-08 06:28,-1.4
108,서울,2020-02-08 06:29,-1.4
108,서울,2020-02-08 06:30,-1.5
108,서울,2020-02-08 06:31,-1.4
108,서울,2020-02-08 06:32,-1.5
108,서울,2020-02-08 06:33,-1.5
108,서울,2020-02-08 06:34,-1.5
108,서울,2020-02-08 06:35,-1.5
108,서울,2020-02-08 06:36,-1.5
108,서울,2020-02-08 06:37,-1.5
108,서울,2020-02-08 06:38,-1.5
108,서울,2020-02-08 06:39,-1.5
108,서울,2020-02-08 06:40,-1.5
108,서울,2020-02-08 06:41,-1.5
108,서울,2020-02-08 06:42,-1.6
108,서울,2020-02-08 06:43,-1.6
108,서울,2020-02-08 06:44,-1.6
108,서울,2020-02-08 06:45,-1.6
108,서울,2020-02-08 06:46,-1.6
108,서울,2020-02-08 06:47,-1.6
108,서울,2020-02-08 06:48,-1.6
108,서울,2020-02-08 06:49,-1.7
108,서울,2020-02-08 06:50,-1.7
108,서울,2020-02-08 06:51,-1.7
108,서울,2020-02-08 06:52,-1.7
108,서울,2020-02-08 06:53,-1.7
108,서울,2020-02-08 06:54,-1.7
108,서울,2020-02-08 06:55,-1.8
108,서울,2020-02-08 06:56,-1.8
108,서울,2020-02-08 06:57,-1.8
108,서울,2020-02-08 06:58,-1.9
108,서울,2020-02-08 06:59,-1.8
108,서울,2020-02-08 07:00,-1.9
108,서울,2020-02-08 07:01,-1.9
108,서울,2020-02-08 07:02,-1.9
108,서울,2020-02-08 07:03,-1.9
108,서울,2020-02-08 07:04,-1.9
108,서울,2020-02-08 07:05,-1.9
108,서울,2020-02-08 07:06,-1.9
108,서울,2020-02-08 07:07,-1.9
108,서울,2020-02-08 07:08,-1.9
108,서울,2020-02-08 07:09,-2
108,서울,2020-02-08 07:10,-2
108,서울,2020-02-08 07:11,-2
108,서울,2020-02-08 07:12,-2
108,서울,2020-02-08 07:13,-2
108,서울,2020-02-08 07:14,-2
108,서울,2020-02-08 07:15,-2
108,서울,2020-02-08 07:16,-2
108,서울,2020-02-08 07:17,-2
108,서울,2020-02-08 07:18,-2
108,서울,2020-02-08 07:19,-2
108,서울,2020-02-08 07:20,-2.1
108,서울,2020-02-08 07:21,-2.1
108,서울,2020-02-08 07:22,-2.1
108,서울,2020-02-08 07:23,-2.1
108,서울,2020-02-08 07:24,-2.1
108,서울,2020-02-08 07:25,-2.1
108,서울,2020-02-08 07:26,-2.1
108,서울,2020-02-08 07:27,-2.1
108,서울,2020-02-08 07:28,-2.1
108,서울,2020-02-08 07:29,-2.1
108,서울,2020-02-08 07:30,-2.1
108,서울,2020-02-08 07:31,-2.1
108,서울,2020-02-08 07:32,-2.1
108,서울,2020-02-08 07:33,-2.1
108,서울,2020-02-08 07:34,-2.1
108,서울,2020-02-08 07:35,-2.1
108,서울,2020-02-08 07:36,-2.1
108,서울,2020-02-08 07:37,-2.1
108,서울,2020-02-08 07:38,-2.1
108,서울,2020-02-08 07:39,-2.1
108,서울,2020-02-08 07:40,-2.1
108,서울,2020-02-08 07:41,-2.1
108,서울,2020-02-08 07:42,-2.1
108,서울,2020-02-08 07:43,-2.1
108,서울,2020-02-08 07:44,-2.1
108,서울,2020-02-08 07:45,-2.1
108,서울,2020-02-08 07:46,-2.1
108,서울,2020-02-08 07:47,-2.1
108,서울,2020-02-08 07:48,-2.1
108,서울,2020-02-08 07:49,-2.1
108,서울,2020-02-08 07:50,-2.1
108,서울,2020-02-08 07:51,-2.1
108,서울,2020-02-08 07:52,-2.1
108,서울,2020-02-08 07:53,-2.1
108,서울,2020-02-08 07:54,-2.1
108,서울,2020-02-08 07:55,-2.1
108,서울,2020-02-08 07:56,-2.2
108,서울,2020-02-08 07:57,-2.2
108,서울,2020-02-08 07:58,-2.2
108,서울,2020-02-08 07:59,-2.2
108,서울,2020-02-08 08:00,-2.2
108,서울,2020-02-08 08:01,-2.2
108,서울,2020-02-08 08:02,-2.2
108,서울,2020-02-08 08:03,-2.3
108,서울,2020-02-08 08:04,-2.3
108,서울,2020-02-08 08:05,-2.3
108,서울,2020-02-08 08:06,-2.3
108,서울,2020-02-08 08:07,-2.3
108,서울,2020-02-08 08:08,-2.3
108,서울,2020-02-08 08:09,-2.3
108,서울,2020-02-08 08:10,-2.3
108,서울,2020-02-08 08:11,-2.3
108,서울,2020-02-08 08:12,-2.3
108,서울,2020-02-08 08:13,-2.3
108,서울,2020-02-08 08:14,-2.3
108,서울,2020-02-08 08:15,-2.3
108,서울,2020-02-08 08:16,-2.3
108,서울,2020-02-08 08:17,-2.3
108,서울,2020-02-08 08:18,-2.3
108,서울,2020-02-08 08:19,-2.3
108,서울,2020-02-08 08:20,-2.3
108,서울,2020-02-08 08:21,-2.3
108,서울,2020-02-08 08:22,-2.3
108,서울,2020-02-08 08:23,-2.3
108,서울,2020-02-08 08:24,-2.3
108,서울,2020-02-08 08:25,-2.3
108,서울,2020-02-08 08:26,-2.3
108,서울,2020-02-08 08:27,-2.3
108,서울,2020-02-08 08:28,-2.3
108,서울,2020-02-08 08:29,-2.3
108,서울,2020-02-08 08:30,-2.3
108,서울,2020-02-08 08:31,-2.3
108,서울,2020-02-08 08:32,-2.3
108,서울,2020-02-08 08:33,-2.3
108,서울,2020-02-08 08:34,-2.3
108,서울,2020-02-08 08:35,-2.3
108,서울,2020-02-08 08:36,-2.3
108,서울,2020-02-08 08:37,-2.3
108,서울,2020-02-08 08:38,-2.3
108,서울,2020-02-08 08:39,-2.3
108,서울,2020-02-08 08:40,-2.3
108,서울,2020-02-08 08:41,-2.3
108,서울,2020-02-08 08:42,-2.2
108,서울,2020-02-08 08:43,-2.2
108,서울,2020-02-08 08:44,-2.2
108,서울,2020-02-08 08:45,-2.2
108,서울,2020-02-08 08:46,-2.2
108,서울,2020-02-08 08:47,-2.2
108,서울,2020-02-08 08:48,-2.2
108,서울,2020-02-08 08:49,-2.2
108,서울,2020-02-08 08:50,-2.2
108,서울,2020-02-08 08:51,-2.2
108,서울,2020-02-08 08:52,-2.2
108,서울,2020-02-08 08:53,-2.1
108,서울,2020-02-08 08:54,-2.2
108,서울,2020-02-08 08:55,-2.1
108,서울,2020-02-08 08:56,-2.1
108,서울,2020-02-08 08:57,-2.1
108,서울,2020-02-08 08:58,-2.1
108,서울,2020-02-08 08:59,-2.1
108,서울,2020-02-08 09:00,-2.1
108,서울,2020-02-08 09:01,-2.1
108,서울,2020-02-08 09:02,-2.1
108,서울,2020-02-08 09:03,-2.1
108,서울,2020-02-08 09:04,-2.1
108,서울,2020-02-08 09:05,-2.1
108,서울,2020-02-08 09:06,-2
108,서울,2020-02-08 09:07,-2
108,서울,2020-02-08 09:08,-2
108,서울,2020-02-08 09:09,-2
108,서울,2020-02-08 09:10,-2
108,서울,2020-02-08 09:11,-2
108,서울,2020-02-08 09:12,-2
108,서울,2020-02-08 09:13,-2
108,서울,2020-02-08 09:14,-2
108,서울,2020-02-08 09:15,-2
108,서울,2020-02-08 09:16,-2
108,서울,2020-02-08 09:17,-2
108,서울,2020-02-08 09:18,-2
108,서울,2020-02-08 09:19,-1.9
108,서울,2020-02-08 09:20,-1.9
108,서울,2020-02-08 09:21,-1.9
108,서울,2020-02-08 09:22,-1.9
108,서울,2020-02-08 09:23,-1.9
108,서울,2020-02-08 09:24,-1.9
108,서울,2020-02-08 09:25,-1.9
108,서울,2020-02-08 09:26,-1.8
108,서울,2020-02-08 09:27,-1.8
108,서울,2020-02-08 09:28,-1.8
108,서울,2020-02-08 09:29,-1.7
108,서울,2020-02-08 09:30,-1.7
108,서울,2020-02-08 09:31,-1.7
108,서울,2020-02-08 09:32,-1.7
108,서울,2020-02-08 09:33,-1.6
108,서울,2020-02-08 09:34,-1.6
108,서울,2020-02-08 09:35,-1.6
108,서울,2020-02-08 09:36,-1.6
108,서울,2020-02-08 09:37,-1.6
108,서울,2020-02-08 09:38,-1.6
108,서울,2020-02-08 09:39,-1.6
108,서울,2020-02-08 09:40,-1.6
108,서울,2020-02-08 09:41,-1.6
108,서울,2020-02-08 09:42,-1.6
108,서울,2020-02-08 09:43,-1.6
108,서울,2020-02-08 09:44,-1.6
108,서울,2020-02-08 09:45,-1.6
108,서울,2020-02-08 09:46,-1.6
108,서울,2020-02-08 09:47,-1.6
108,서울,2020-02-08 09:48,-1.6
108,서울,2020-02-08 09:49,-1.5
108,서울,2020-02-08 09:50,-1.5
108,서울,2020-02-08 09:51,-1.5
108,서울,2020-02-08 09:52,-1.5
108,서울,2020-02-08 09:53,-1.4
108,서울,2020-02-08 09:54,-1.4
108,서울,2020-02-08 09:55,-1.4
108,서울,2020-02-08 09:56,-1.4
108,서울,2020-02-08 09:57,-1.3
108,서울,2020-02-08 09:58,-1.3
108,서울,2020-02-08 09:59,-1.4
108,서울,2020-02-08 10:00,-1.4
108,서울,2020-02-08 10:01,-1.3
108,서울,2020-02-08 10:02,-1.3
108,서울,2020-02-08 10:03,-1.3
108,서울,2020-02-08 10:04,-1.3
108,서울,2020-02-08 10:05,-1.3
108,서울,2020-02-08 10:06,-1.3
108,서울,2020-02-08 10:07,-1.3
108,서울,2020-02-08 10:08,-1.3
108,서울,2020-02-08 10:09,-1.3
108,서울,2020-02-08 10:10,-1.2
108,서울,2020-02-08 10:11,-1.2
108,서울,2020-02-08 10:12,-1.2
108,서울,2020-02-08 10:13,-1.1
108,서울,2020-02-08 10:14,-1.1
108,서울,2020-02-08 10:15,-1.1
108,서울,2020-02-08 10:16,-1.1
108,서울,2020-02-08 10:17,-1.1
108,서울,2020-02-08 10:18,-1.1
108,서울,2020-02-08 10:19,-1.1
108,서울,2020-02-08 10:20,-1
108,서울,2020-02-08 10:21,-1
108,서울,2020-02-08 10:22,-.9
108,서울,2020-02-08 10:23,-.8
108,서울,2020-02-08 10:24,-.8
108,서울,2020-02-08 10:25,-.7
108,서울,2020-02-08 10:26,-.7
108,서울,2020-02-08 10:27,-.6
108,서울,2020-02-08 10:28,-.6
108,서울,2020-02-08 10:29,-.6
108,서울,2020-02-08 10:30,-.6
108,서울,2020-02-08 10:31,-.6
108,서울,2020-02-08 10:32,-.7
108,서울,2020-02-08 10:33,-.7
108,서울,2020-02-08 10:34,-.7
108,서울,2020-02-08 10:35,-.7
108,서울,2020-02-08 10:36,-.6
108,서울,2020-02-08 10:37,-.6
108,서울,2020-02-08 10:38,-.6
108,서울,2020-02-08 10:39,-.5
108,서울,2020-02-08 10:40,-.4
108,서울,2020-02-08 10:41,-.4
108,서울,2020-02-08 10:42,-.4
108,서울,2020-02-08 10:43,-.4
108,서울,2020-02-08 10:44,-.5
108,서울,2020-02-08 10:45,-.4
108,서울,2020-02-08 10:46,-.4
108,서울,2020-02-08 10:47,-.4
108,서울,2020-02-08 10:48,-.4
108,서울,2020-02-08 10:49,-.4
108,서울,2020-02-08 10:50,-.3
108,서울,2020-02-08 10:51,-.3
108,서울,2020-02-08 10:52,-.3
108,서울,2020-02-08 10:53,-.3
108,서울,2020-02-08 10:54,-.3
108,서울,2020-02-08 10:55,-.3
108,서울,2020-02-08 10:56,-.4
108,서울,2020-02-08 10:57,-.4
108,서울,2020-02-08 10:58,-.3
108,서울,2020-02-08 10:59,-.3
108,서울,2020-02-08 11:00,-.3
108,서울,2020-02-08 11:01,-.3
108,서울,2020-02-08 11:02,-.3
108,서울,2020-02-08 11:03,-.2
108,서울,2020-02-08 11:04,-.2
108,서울,2020-02-08 11:05,-.2
108,서울,2020-02-08 11:06,-.2
108,서울,2020-02-08 11:07,-.2
108,서울,2020-02-08 11:08,-.2
108,서울,2020-02-08 11:09,-.2
108,서울,2020-02-08 11:10,-.2
108,서울,2020-02-08 11:11,-.2
108,서울,2020-02-08 11:12,-.2
108,서울,2020-02-08 11:13,-.1
108,서울,2020-02-08 11:14,-.1
108,서울,2020-02-08 11:15,0
108,서울,2020-02-08 11:16,0
108,서울,2020-02-08 11:17,0
108,서울,2020-02-08 11:18,0
108,서울,2020-02-08 11:19,0
108,서울,2020-02-08 11:20,0
108,서울,2020-02-08 11:21,0
108,서울,2020-02-08 11:22,0
108,서울,2020-02-08 11:23,0
108,서울,2020-02-08 11:24,0
108,서울,2020-02-08 11:25,0
108,서울,2020-02-08 11:26,0
108,서울,2020-02-08 11:27,0
108,서울,2020-02-08 11:28,0
108,서울,2020-02-08 11:29,.1
108,서울,2020-02-08 11:30,.1
108,서울,2020-02-08 11:31,.1
108,서울,2020-02-08 11:32,.1
108,서울,2020-02-08 11:33,.1
108,서울,2020-02-08 11:34,.2
108,서울,2020-02-08 11:35,.3
108,서울,2020-02-08 11:36,.3
108,서울,2020-02-08 11:37,.3
108,서울,2020-02-08 11:38,.2
108,서울,2020-02-08 11:39,.2
108,서울,2020-02-08 11:40,.3
108,서울,2020-02-08 11:41,.3
108,서울,2020-02-08 11:42,.3
108,서울,2020-02-08 11:43,.3
108,서울,2020-02-08 11:44,.4
108,서울,2020-02-08 11:45,.4
108,서울,2020-02-08 11:46,.5
108,서울,2020-02-08 11:47,.5
108,서울,2020-02-08 11:48,.4
108,서울,2020-02-08 11:49,.5
108,서울,2020-02-08 11:50,.5
108,서울,2020-02-08 11:51,.6
108,서울,2020-02-08 11:52,.6
108,서울,2020-02-08 11:53,.6
108,서울,2020-02-08 11:54,.6
108,서울,2020-02-08 11:55,.6
108,서울,2020-02-08 11:56,.5
108,서울,2020-02-08 11:57,.5
108,서울,2020-02-08 11:58,.5
108,서울,2020-02-08 11:59,.6
108,서울,2020-02-08 12:00,.6
108,서울,2020-02-08 12:01,.5
108,서울,2020-02-08 12:02,.5
108,서울,2020-02-08 12:03,.5
108,서울,2020-02-08 12:04,.6
108,서울,2020-02-08 12:05,.6
108,서울,2020-02-08 12:06,.7
108,서울,2020-02-08 12:07,.8
108,서울,2020-02-08 12:08,.9
108,서울,2020-02-08 12:09,1
108,서울,2020-02-08 12:10,1
108,서울,2020-02-08 12:11,.9
108,서울,2020-02-08 12:12,.8
108,서울,2020-02-08 12:13,.8
108,서울,2020-02-08 12:14,.9
108,서울,2020-02-08 12:15,.9
108,서울,2020-02-08 12:16,.9
108,서울,2020-02-08 12:17,.8
108,서울,2020-02-08 12:18,.8
108,서울,2020-02-08 12:19,.9
108,서울,2020-02-08 12:20,.8
108,서울,2020-02-08 12:21,.8
108,서울,2020-02-08 12:22,.8
108,서울,2020-02-08 12:23,.8
108,서울,2020-02-08 12:24,.8
108,서울,2020-02-08 12:25,1
108,서울,2020-02-08 12:26,1.1
108,서울,2020-02-08 12:27,1.2
108,서울,2020-02-08 12:28,1.3
108,서울,2020-02-08 12:29,1.4
108,서울,2020-02-08 12:30,1.4
108,서울,2020-02-08 12:31,1.3
108,서울,2020-02-08 12:32,1.3
108,서울,2020-02-08 12:33,1.2
108,서울,2020-02-08 12:34,1.3
108,서울,2020-02-08 12:35,1.4
108,서울,2020-02-08 12:36,1.5
108,서울,2020-02-08 12:37,1.5
108,서울,2020-02-08 12:38,1.5
108,서울,2020-02-08 12:39,1.5
108,서울,2020-02-08 12:40,1.6
108,서울,2020-02-08 12:41,1.6
108,서울,2020-02-08 12:42,1.7
108,서울,2020-02-08 12:43,1.6
108,서울,2020-02-08 12:44,1.5
108,서울,2020-02-08 12:45,1.4
108,서울,2020-02-08 12:46,1.4
108,서울,2020-02-08 12:47,1.4
108,서울,2020-02-08 12:48,1.4
108,서울,2020-02-08 12:49,1.4
108,서울,2020-02-08 12:50,1.5
108,서울,2020-02-08 12:51,1.5
108,서울,2020-02-08 12:52,1.6
108,서울,2020-02-08 12:53,1.6
108,서울,2020-02-08 12:54,1.6
108,서울,2020-02-08 12:55,1.6
108,서울,2020-02-08 12:56,1.6
108,서울,2020-02-08 12:57,1.6
108,서울,2020-02-08 12:58,1.6
108,서울,2020-02-08 12:59,1.6
108,서울,2020-02-08 13:00,1.6
108,서울,2020-02-08 13:01,1.6
108,서울,2020-02-08 13:02,1.7
108,서울,2020-02-08 13:03,1.7
108,서울,2020-02-08 13:04,1.8
108,서울,2020-02-08 13:05,1.8
108,서울,2020-02-08 13:06,1.8
108,서울,2020-02-08 13:07,1.7
108,서울,2020-02-08 13:08,1.7
108,서울,2020-02-08 13:09,1.7
108,서울,2020-02-08 13:10,1.7
108,서울,2020-02-08 13:11,1.8
108,서울,2020-02-08 13:12,1.8
108,서울,2020-02-08 13:13,1.9
108,서울,2020-02-08 13:14,2
108,서울,2020-02-08 13:15,2
108,서울,2020-02-08 13:16,2.1
108,서울,2020-02-08 13:17,2.1
108,서울,2020-02-08 13:18,2.1
108,서울,2020-02-08 13:19,2.1
108,서울,2020-02-08 13:20,2.1
108,서울,2020-02-08 13:21,2.1
108,서울,2020-02-08 13:22,2.1
108,서울,2020-02-08 13:23,2.2
108,서울,2020-02-08 13:24,2.2
108,서울,2020-02-08 13:25,2.1
108,서울,2020-02-08 13:26,2.1
108,서울,2020-02-08 13:27,2.1
108,서울,2020-02-08 13:28,2.2
108,서울,2020-02-08 13:29,2.3
108,서울,2020-02-08 13:30,2.2
108,서울,2020-02-08 13:31,2.1
108,서울,2020-02-08 13:32,2.1
108,서울,2020-02-08 13:33,2.2
108,서울,2020-02-08 13:34,2.2
108,서울,2020-02-08 13:35,2.2
108,서울,2020-02-08 13:36,2.2
108,서울,2020-02-08 13:37,2.3
108,서울,2020-02-08 13:38,2.2
108,서울,2020-02-08 13:39,2.1
108,서울,2020-02-08 13:40,2.1
108,서울,2020-02-08 13:41,2.1
108,서울,2020-02-08 13:42,2.2
108,서울,2020-02-08 13:43,2.2
108,서울,2020-02-08 13:44,2.3
108,서울,2020-02-08 13:45,2.4
108,서울,2020-02-08 13:46,2.4
108,서울,2020-02-08 13:47,2.3
108,서울,2020-02-08 13:48,2.3
108,서울,2020-02-08 13:49,2.4
108,서울,2020-02-08 13:50,2.4
108,서울,2020-02-08 13:51,2.5
108,서울,2020-02-08 13:52,2.5
108,서울,2020-02-08 13:53,2.6
108,서울,2020-02-08 13:54,2.6
108,서울,2020-02-08 13:55,2.7
108,서울,2020-02-08 13:56,2.6
108,서울,2020-02-08 13:57,2.6
108,서울,2020-02-08 13:58,2.6
108,서울,2020-02-08 13:59,2.6
108,서울,2020-02-08 14:00,2.7
108,서울,2020-02-08 14:01,2.8
108,서울,2020-02-08 14:02,2.8
108,서울,2020-02-08 14:03,2.8
108,서울,2020-02-08 14:04,2.8
108,서울,2020-02-08 14:05,2.7
108,서울,2020-02-08 14:06,2.7
108,서울,2020-02-08 14:07,2.8
108,서울,2020-02-08 14:08,2.9
108,서울,2020-02-08 14:09,2.8
108,서울,2020-02-08 14:10,2.8
108,서울,2020-02-08 14:11,2.7
108,서울,2020-02-08 14:12,2.7
108,서울,2020-02-08 14:13,2.8
108,서울,2020-02-08 14:14,2.8
108,서울,2020-02-08 14:15,2.9
108,서울,2020-02-08 14:16,2.9
108,서울,2020-02-08 14:17,3
108,서울,2020-02-08 14:18,3.1
108,서울,2020-02-08 14:19,3.1
108,서울,2020-02-08 14:20,3
108,서울,2020-02-08 14:21,2.9
108,서울,2020-02-08 14:22,2.8
108,서울,2020-02-08 14:23,2.8
108,서울,2020-02-08 14:24,2.8
108,서울,2020-02-08 14:25,2.8
108,서울,2020-02-08 14:26,2.7
108,서울,2020-02-08 14:27,2.7
108,서울,2020-02-08 14:28,2.6
108,서울,2020-02-08 14:29,2.7
108,서울,2020-02-08 14:30,2.7
108,서울,2020-02-08 14:31,2.8
108,서울,2020-02-08 14:32,2.8
108,서울,2020-02-08 14:33,2.8
108,서울,2020-02-08 14:34,2.8
108,서울,2020-02-08 14:35,2.7
108,서울,2020-02-08 14:36,2.8
108,서울,2020-02-08 14:37,2.7
108,서울,2020-02-08 14:38,2.7
108,서울,2020-02-08 14:39,2.7
108,서울,2020-02-08 14:40,2.7
108,서울,2020-02-08 14:41,2.8
108,서울,2020-02-08 14:42,2.8
108,서울,2020-02-08 14:43,2.8
108,서울,2020-02-08 14:44,2.8
108,서울,2020-02-08 14:45,2.8
108,서울,2020-02-08 14:46,2.9
108,서울,2020-02-08 14:47,2.8
108,서울,2020-02-08 14:48,2.9
108,서울,2020-02-08 14:49,2.9
108,서울,2020-02-08 14:50,2.9
108,서울,2020-02-08 14:51,2.9
108,서울,2020-02-08 14:52,2.8
108,서울,2020-02-08 14:53,2.9
108,서울,2020-02-08 14:54,2.9
108,서울,2020-02-08 14:55,2.9
108,서울,2020-02-08 14:56,2.9
108,서울,2020-02-08 14:57,2.9
108,서울,2020-02-08 14:58,2.9
108,서울,2020-02-08 14:59,2.9
108,서울,2020-02-08 15:00,3.1
108,서울,2020-02-08 15:01,3.2
108,서울,2020-02-08 15:02,3.3
108,서울,2020-02-08 15:03,3.3
108,서울,2020-02-08 15:04,3.3
108,서울,2020-02-08 15:05,3.3
108,서울,2020-02-08 15:06,3.2
108,서울,2020-02-08 15:07,3.3
108,서울,2020-02-08 15:08,3.3
108,서울,2020-02-08 15:09,3.3
108,서울,2020-02-08 15:10,3.3
108,서울,2020-02-08 15:11,3.3
108,서울,2020-02-08 15:12,3.3
108,서울,2020-02-08 15:13,3.3
108,서울,2020-02-08 15:14,3.2
108,서울,2020-02-08 15:15,3.3
108,서울,2020-02-08 15:16,3.3
108,서울,2020-02-08 15:17,3.3
108,서울,2020-02-08 15:18,3.3
108,서울,2020-02-08 15:19,3.4
108,서울,2020-02-08 15:20,3.4
108,서울,2020-02-08 15:21,3.5
108,서울,2020-02-08 15:22,3.5
108,서울,2020-02-08 15:23,3.5
108,서울,2020-02-08 15:24,3.6
108,서울,2020-02-08 15:25,3.5
108,서울,2020-02-08 15:26,3.5
108,서울,2020-02-08 15:27,3.4
108,서울,2020-02-08 15:28,3.3
108,서울,2020-02-08 15:29,3.3
108,서울,2020-02-08 15:30,3.3
108,서울,2020-02-08 15:31,3.3
108,서울,2020-02-08 15:32,3.4
108,서울,2020-02-08 15:33,3.4
108,서울,2020-02-08 15:34,3.5
108,서울,2020-02-08 15:35,3.6
108,서울,2020-02-08 15:36,3.6
108,서울,2020-02-08 15:37,3.6
108,서울,2020-02-08 15:38,3.5
108,서울,2020-02-08 15:39,3.6
108,서울,2020-02-08 15:40,3.6
108,서울,2020-02-08 15:41,3.6
108,서울,2020-02-08 15:42,3.5
108,서울,2020-02-08 15:43,3.5
108,서울,2020-02-08 15:44,3.5
108,서울,2020-02-08 15:45,3.5
108,서울,2020-02-08 15:46,3.6
108,서울,2020-02-08 15:47,3.5
108,서울,2020-02-08 15:48,3.5
108,서울,2020-02-08 15:49,3.5
108,서울,2020-02-08 15:50,3.4
108,서울,2020-02-08 15:51,3.5
108,서울,2020-02-08 15:52,3.5
108,서울,2020-02-08 15:53,3.5
108,서울,2020-02-08 15:54,3.5
108,서울,2020-02-08 15:55,3.5
108,서울,2020-02-08 15:56,3.5
108,서울,2020-02-08 15:57,3.5
108,서울,2020-02-08 15:58,3.5
108,서울,2020-02-08 15:59,3.5
108,서울,2020-02-08 16:00,3.5
108,서울,2020-02-08 16:01,3.6
108,서울,2020-02-08 16:02,3.5
108,서울,2020-02-08 16:03,3.6
108,서울,2020-02-08 16:04,3.6
108,서울,2020-02-08 16:05,3.6
108,서울,2020-02-08 16:06,3.6
108,서울,2020-02-08 16:07,3.6
108,서울,2020-02-08 16:08,3.6
108,서울,2020-02-08 16:09,3.6
108,서울,2020-02-08 16:10,3.6
108,서울,2020-02-08 16:11,3.7
108,서울,2020-02-08 16:12,3.7
108,서울,2020-02-08 16:13,3.7
108,서울,2020-02-08 16:14,3.6
108,서울,2020-02-08 16:15,3.7
108,서울,2020-02-08 16:16,3.7
108,서울,2020-02-08 16:17,3.7
108,서울,2020-02-08 16:18,3.7
108,서울,2020-02-08 16:19,3.7
108,서울,2020-02-08 16:20,3.6
108,서울,2020-02-08 16:21,3.6
108,서울,2020-02-08 16:22,3.6
108,서울,2020-02-08 16:23,3.6
108,서울,2020-02-08 16:24,3.6
108,서울,2020-02-08 16:25,3.5
108,서울,2020-02-08 16:26,3.5
108,서울,2020-02-08 16:27,3.5
108,서울,2020-02-08 16:28,3.5
108,서울,2020-02-08 16:29,3.5
108,서울,2020-02-08 16:30,3.5
108,서울,2020-02-08 16:31,3.5
108,서울,2020-02-08 16:32,3.5
108,서울,2020-02-08 16:33,3.4
108,서울,2020-02-08 16:34,3.4
108,서울,2020-02-08 16:35,3.4
108,서울,2020-02-08 16:36,3.4
108,서울,2020-02-08 16:37,3.4
108,서울,2020-02-08 16:38,3.4
108,서울,2020-02-08 16:39,3.3
108,서울,2020-02-08 16:40,3.3
108,서울,2020-02-08 16:41,3.3
108,서울,2020-02-08 16:42,3.3
108,서울,2020-02-08 16:43,3.3
108,서울,2020-02-08 16:44,3.2
108,서울,2020-02-08 16:45,3.3
108,서울,2020-02-08 16:46,3.3
108,서울,2020-02-08 16:47,3.3
108,서울,2020-02-08 16:48,3.2
108,서울,2020-02-08 16:49,3.2
108,서울,2020-02-08 16:50,3.2
108,서울,2020-02-08 16:51,3.2
108,서울,2020-02-08 16:52,3.1
108,서울,2020-02-08 16:53,3.1
108,서울,2020-02-08 16:54,3.2
108,서울,2020-02-08 16:55,3.2
108,서울,2020-02-08 16:56,3.1
108,서울,2020-02-08 16:57,3.1
108,서울,2020-02-08 16:58,3.1
108,서울,2020-02-08 16:59,3.1
108,서울,2020-02-08 17:00,3.1
108,서울,2020-02-08 17:01,3
108,서울,2020-02-08 17:02,3
108,서울,2020-02-08 17:03,3
108,서울,2020-02-08 17:04,3
108,서울,2020-02-08 17:05,3
108,서울,2020-02-08 17:06,2.9
108,서울,2020-02-08 17:07,2.8
108,서울,2020-02-08 17:08,2.8
108,서울,2020-02-08 17:09,2.8
108,서울,2020-02-08 17:10,2.7
108,서울,2020-02-08 17:11,2.6
108,서울,2020-02-08 17:12,2.6
108,서울,2020-02-08 17:13,2.6
108,서울,2020-02-08 17:14,2.6
108,서울,2020-02-08 17:15,2.6
108,서울,2020-02-08 17:16,2.6
108,서울,2020-02-08 17:17,2.6
108,서울,2020-02-08 17:18,2.6
108,서울,2020-02-08 17:19,2.5
108,서울,2020-02-08 17:20,2.5
108,서울,2020-02-08 17:21,2.4
108,서울,2020-02-08 17:22,2.4
108,서울,2020-02-08 17:23,2.4
108,서울,2020-02-08 17:24,2.3
108,서울,2020-02-08 17:25,2.3
108,서울,2020-02-08 17:26,2.3
108,서울,2020-02-08 17:27,2.2
108,서울,2020-02-08 17:28,2.2
108,서울,2020-02-08 17:29,2.2
108,서울,2020-02-08 17:30,2.2
108,서울,2020-02-08 17:31,2.2
108,서울,2020-02-08 17:32,2.1
108,서울,2020-02-08 17:33,2.1
108,서울,2020-02-08 17:34,2.1
108,서울,2020-02-08 17:35,2
108,서울,2020-02-08 17:36,2
108,서울,2020-02-08 17:37,2
108,서울,2020-02-08 17:38,2
108,서울,2020-02-08 17:39,2
108,서울,2020-02-08 17:40,2
108,서울,2020-02-08 17:41,1.9
108,서울,2020-02-08 17:42,1.9
108,서울,2020-02-08 17:43,1.9
108,서울,2020-02-08 17:44,1.8
108,서울,2020-02-08 17:45,1.8
108,서울,2020-02-08 17:46,1.8
108,서울,2020-02-08 17:47,1.8
108,서울,2020-02-08 17:48,1.8
108,서울,2020-02-08 17:49,1.8
108,서울,2020-02-08 17:50,1.7
108,서울,2020-02-08 17:51,1.7
108,서울,2020-02-08 17:52,1.7
108,서울,2020-02-08 17:53,1.7
108,서울,2020-02-08 17:54,1.7
108,서울,2020-02-08 17:55,1.6
108,서울,2020-02-08 17:56,1.7
108,서울,2020-02-08 17:57,1.6
108,서울,2020-02-08 17:58,1.6
108,서울,2020-02-08 17:59,1.6
108,서울,2020-02-08 18:00,1.6
108,서울,2020-02-08 18:01,1.6
108,서울,2020-02-08 18:02,1.5
108,서울,2020-02-08 18:03,1.5
108,서울,2020-02-08 18:04,1.5
108,서울,2020-02-08 18:05,1.5
108,서울,2020-02-08 18:06,1.5
108,서울,2020-02-08 18:07,1.4
108,서울,2020-02-08 18:08,1.4
108,서울,2020-02-08 18:09,1.4
108,서울,2020-02-08 18:10,1.4
108,서울,2020-02-08 18:11,1.3
108,서울,2020-02-08 18:12,1.4
108,서울,2020-02-08 18:13,1.3
108,서울,2020-02-08 18:14,1.3
108,서울,2020-02-08 18:15,1.3
108,서울,2020-02-08 18:16,1.3
108,서울,2020-02-08 18:17,1.3
108,서울,2020-02-08 18:18,1.3
108,서울,2020-02-08 18:19,1.3
108,서울,2020-02-08 18:20,1.3
108,서울,2020-02-08 18:21,1.2
108,서울,2020-02-08 18:22,1.2
108,서울,2020-02-08 18:23,1.2
108,서울,2020-02-08 18:24,1.2
108,서울,2020-02-08 18:25,1.2
108,서울,2020-02-08 18:26,1.2
108,서울,2020-02-08 18:27,1.2
108,서울,2020-02-08 18:28,1.2
108,서울,2020-02-08 18:29,1.1
108,서울,2020-02-08 18:30,1.1
108,서울,2020-02-08 18:31,1.1
108,서울,2020-02-08 18:32,1.1
108,서울,2020-02-08 18:33,1.1
108,서울,2020-02-08 18:34,1
108,서울,2020-02-08 18:35,1
108,서울,2020-02-08 18:36,1
108,서울,2020-02-08 18:37,1
108,서울,2020-02-08 18:38,1
108,서울,2020-02-08 18:39,1
108,서울,2020-02-08 18:40,1
108,서울,2020-02-08 18:41,.9
108,서울,2020-02-08 18:42,.9
108,서울,2020-02-08 18:43,.9
108,서울,2020-02-08 18:44,.9
108,서울,2020-02-08 18:45,.9
108,서울,2020-02-08 18:46,.9
108,서울,2020-02-08 18:47,.9
108,서울,2020-02-08 18:48,.9
108,서울,2020-02-08 18:49,.9
108,서울,2020-02-08 18:50,.9
108,서울,2020-02-08 18:51,.9
108,서울,2020-02-08 18:52,.8
108,서울,2020-02-08 18:53,.8
108,서울,2020-02-08 18:54,.8
108,서울,2020-02-08 18:55,.8
108,서울,2020-02-08 18:56,.8
108,서울,2020-02-08 18:57,.7
108,서울,2020-02-08 18:58,.7
108,서울,2020-02-08 18:59,.7
108,서울,2020-02-08 19:00,.7
108,서울,2020-02-08 19:01,.7
108,서울,2020-02-08 19:02,.7
108,서울,2020-02-08 19:03,.7
108,서울,2020-02-08 19:04,.7
108,서울,2020-02-08 19:05,.7
108,서울,2020-02-08 19:06,.7
108,서울,2020-02-08 19:07,.7
108,서울,2020-02-08 19:08,.7
108,서울,2020-02-08 19:09,.6
108,서울,2020-02-08 19:10,.6
108,서울,2020-02-08 19:11,.6
108,서울,2020-02-08 19:12,.6
108,서울,2020-02-08 19:13,.6
108,서울,2020-02-08 19:14,.6
108,서울,2020-02-08 19:15,.6
108,서울,2020-02-08 19:16,.6
108,서울,2020-02-08 19:17,.6
108,서울,2020-02-08 19:18,.6
108,서울,2020-02-08 19:19,.6
108,서울,2020-02-08 19:20,.6
108,서울,2020-02-08 19:21,.6
108,서울,2020-02-08 19:22,.5
108,서울,2020-02-08 19:23,.5
108,서울,2020-02-08 19:24,.5
108,서울,2020-02-08 19:25,.5
108,서울,2020-02-08 19:26,.5
108,서울,2020-02-08 19:27,.4
108,서울,2020-02-08 19:28,.4
108,서울,2020-02-08 19:29,.4
108,서울,2020-02-08 19:30,.4
108,서울,2020-02-08 19:31,.4
108,서울,2020-02-08 19:32,.4
108,서울,2020-02-08 19:33,.4
108,서울,2020-02-08 19:34,.4
108,서울,2020-02-08 19:35,.4
108,서울,2020-02-08 19:36,.3
108,서울,2020-02-08 19:37,.3
108,서울,2020-02-08 19:38,.4
108,서울,2020-02-08 19:39,.3
108,서울,2020-02-08 19:40,.3
108,서울,2020-02-08 19:41,.3
108,서울,2020-02-08 19:42,.3
108,서울,2020-02-08 19:43,.3
108,서울,2020-02-08 19:44,.3
108,서울,2020-02-08 19:45,.3
108,서울,2020-02-08 19:46,.3
108,서울,2020-02-08 19:47,.3
108,서울,2020-02-08 19:48,.3
108,서울,2020-02-08 19:49,.3
108,서울,2020-02-08 19:50,.4
108,서울,2020-02-08 19:51,.3
108,서울,2020-02-08 19:52,.3
108,서울,2020-02-08 19:53,.3
108,서울,2020-02-08 19:54,.4
108,서울,2020-02-08 19:55,.3
108,서울,2020-02-08 19:56,.3
108,서울,2020-02-08 19:57,.3
108,서울,2020-02-08 19:58,.3
108,서울,2020-02-08 19:59,.3
108,서울,2020-02-08 20:00,.3
108,서울,2020-02-08 20:01,.3
108,서울,2020-02-08 20:02,.3
108,서울,2020-02-08 20:03,.3
108,서울,2020-02-08 20:04,.3
108,서울,2020-02-08 20:05,.3
108,서울,2020-02-08 20:06,.2
108,서울,2020-02-08 20:07,.2
108,서울,2020-02-08 20:08,.2
108,서울,2020-02-08 20:09,.2
108,서울,2020-02-08 20:10,.2
108,서울,2020-02-08 20:11,.2
108,서울,2020-02-08 20:12,.1
108,서울,2020-02-08 20:13,.1
108,서울,2020-02-08 20:14,.1
108,서울,2020-02-08 20:15,.1
108,서울,2020-02-08 20:16,.1
108,서울,2020-02-08 20:17,.1
108,서울,2020-02-08 20:18,.1
108,서울,2020-02-08 20:19,.1
108,서울,2020-02-08 20:20,.1
108,서울,2020-02-08 20:21,.1
108,서울,2020-02-08 20:22,.1
108,서울,2020-02-08 20:23,.1
108,서울,2020-02-08 20:24,.1
108,서울,2020-02-08 20:25,.1
108,서울,2020-02-08 20:26,.1
108,서울,2020-02-08 20:27,.1
108,서울,2020-02-08 20:28,.1
108,서울,2020-02-08 20:29,.1
108,서울,2020-02-08 20:30,0
108,서울,2020-02-08 20:31,0
108,서울,2020-02-08 20:32,0
108,서울,2020-02-08 20:33,-.1
108,서울,2020-02-08 20:34,-.1
108,서울,2020-02-08 20:35,-.2
108,서울,2020-02-08 20:36,-.2
108,서울,2020-02-08 20:37,-.2
108,서울,2020-02-08 20:38,-.2
108,서울,2020-02-08 20:39,-.2
108,서울,2020-02-08 20:40,-.2
108,서울,2020-02-08 20:41,-.2
108,서울,2020-02-08 20:42,-.2
108,서울,2020-02-08 20:43,-.2
108,서울,2020-02-08 20:44,-.2
108,서울,2020-02-08 20:45,-.2
108,서울,2020-02-08 20:46,-.2
108,서울,2020-02-08 20:47,-.2
108,서울,2020-02-08 20:48,-.2
108,서울,2020-02-08 20:49,-.2
108,서울,2020-02-08 20:50,-.2
108,서울,2020-02-08 20:51,-.2
108,서울,2020-02-08 20:52,-.2
108,서울,2020-02-08 20:53,-.2
108,서울,2020-02-08 20:54,-.2
108,서울,2020-02-08 20:55,-.2
108,서울,2020-02-08 20:56,-.2
108,서울,2020-02-08 20:57,-.2
108,서울,2020-02-08 20:58,-.3
108,서울,2020-02-08 20:59,-.3
108,서울,2020-02-08 21:00,-.3
108,서울,2020-02-08 21:01,-.3
108,서울,2020-02-08 21:02,-.3
108,서울,2020-02-08 21:03,-.3
108,서울,2020-02-08 21:04,-.3
108,서울,2020-02-08 21:05,-.3
108,서울,2020-02-08 21:06,-.3
108,서울,2020-02-08 21:07,-.3
108,서울,2020-02-08 21:08,-.3
108,서울,2020-02-08 21:09,-.4
108,서울,2020-02-08 21:10,-.4
108,서울,2020-02-08 21:11,-.4
108,서울,2020-02-08 21:12,-.4
108,서울,2020-02-08 21:13,-.4
108,서울,2020-02-08 21:14,-.4
108,서울,2020-02-08 21:15,-.4
108,서울,2020-02-08 21:16,-.5
108,서울,2020-02-08 21:17,-.5
108,서울,2020-02-08 21:18,-.5
108,서울,2020-02-08 21:19,-.5
108,서울,2020-02-08 21:20,-.5
108,서울,2020-02-08 21:21,-.5
108,서울,2020-02-08 21:22,-.5
108,서울,2020-02-08 21:23,-.5
108,서울,2020-02-08 21:24,-.5
108,서울,2020-02-08 21:25,-.5
108,서울,2020-02-08 21:26,-.6
108,서울,2020-02-08 21:27,-.6
108,서울,2020-02-08 21:28,-.6
108,서울,2020-02-08 21:29,-.6
108,서울,2020-02-08 21:30,-.6
108,서울,2020-02-08 21:31,-.6
108,서울,2020-02-08 21:32,-.6
108,서울,2020-02-08 21:33,-.6
108,서울,2020-02-08 21:34,-.6
108,서울,2020-02-08 21:35,-.6
108,서울,2020-02-08 21:36,-.6
108,서울,2020-02-08 21:37,-.6
108,서울,2020-02-08 21:38,-.6
108,서울,2020-02-08 21:39,-.6
108,서울,2020-02-08 21:40,-.6
108,서울,2020-02-08 21:41,-.6
108,서울,2020-02-08 21:42,-.6
108,서울,2020-02-08 21:43,-.7
108,서울,2020-02-08 21:44,-.7
108,서울,2020-02-08 21:45,-.7
108,서울,2020-02-08 21:46,-.7
108,서울,2020-02-08 21:47,-.7
108,서울,2020-02-08 21:48,-.7
108,서울,2020-02-08 21:49,-.7
108,서울,2020-02-08 21:50,-.7
108,서울,2020-02-08 21:51,-.7
108,서울,2020-02-08 21:52,-.8
108,서울,2020-02-08 21:53,-.8
108,서울,2020-02-08 21:54,-.8
108,서울,2020-02-08 21:55,-.8
108,서울,2020-02-08 21:56,-.8
108,서울,2020-02-08 21:57,-.9
108,서울,2020-02-08 21:58,-.9
108,서울,2020-02-08 21:59,-.9
108,서울,2020-02-08 22:00,-.9
108,서울,2020-02-08 22:01,-.9
108,서울,2020-02-08 22:02,-1
108,서울,2020-02-08 22:03,-1
108,서울,2020-02-08 22:04,-1
108,서울,2020-02-08 22:05,-1
108,서울,2020-02-08 22:06,-1
108,서울,2020-02-08 22:07,-1
108,서울,2020-02-08 22:08,-1.1
108,서울,2020-02-08 22:09,-1.1
108,서울,2020-02-08 22:10,-1.1
108,서울,2020-02-08 22:11,-1.1
108,서울,2020-02-08 22:12,-1.1
108,서울,2020-02-08 22:13,-1
108,서울,2020-02-08 22:14,-1.1
108,서울,2020-02-08 22:15,-1
108,서울,2020-02-08 22:16,-1
108,서울,2020-02-08 22:17,-1
108,서울,2020-02-08 22:18,-1.1
108,서울,2020-02-08 22:19,-1.1
108,서울,2020-02-08 22:20,-1.1
108,서울,2020-02-08 22:21,-1.1
108,서울,2020-02-08 22:22,-1.1
108,서울,2020-02-08 22:23,-1.1
108,서울,2020-02-08 22:24,-1.1
108,서울,2020-02-08 22:25,-1.1
108,서울,2020-02-08 22:26,-1.1
108,서울,2020-02-08 22:27,-1.1
108,서울,2020-02-08 22:28,-1.1
108,서울,2020-02-08 22:29,-1.1
108,서울,2020-02-08 22:30,-1.1
108,서울,2020-02-08 22:31,-1.1
108,서울,2020-02-08 22:32,-1.1
108,서울,2020-02-08 22:33,-1.1
108,서울,2020-02-08 22:34,-1.1
108,서울,2020-02-08 22:35,-1.1
108,서울,2020-02-08 22:36,-1.1
108,서울,2020-02-08 22:37,-1.1
108,서울,2020-02-08 22:38,-1.1
108,서울,2020-02-08 22:39,-1.2
108,서울,2020-02-08 22:40,-1.2
108,서울,2020-02-08 22:41,-1.2
108,서울,2020-02-08 22:42,-1.2
108,서울,2020-02-08 22:43,-1.2
108,서울,2020-02-08 22:44,-1.2
108,서울,2020-02-08 22:45,-1.2
108,서울,2020-02-08 22:46,-1.2
108,서울,2020-02-08 22:47,-1.2
108,서울,2020-02-08 22:48,-1.2
108,서울,2020-02-08 22:49,-1.2
108,서울,2020-02-08 22:50,-1.2
108,서울,2020-02-08 22:51,-1.2
108,서울,2020-02-08 22:52,-1.2
108,서울,2020-02-08 22:53,-1.2
108,서울,2020-02-08 22:54,-1.2
108,서울,2020-02-08 22:55,-1.2
108,서울,2020-02-08 22:56,-1.2
108,서울,2020-02-08 22:57,-1.3
108,서울,2020-02-08 22:58,-1.3
108,서울,2020-02-08 22:59,-1.3
108,서울,2020-02-08 23:00,-1.3
108,서울,2020-02-08 23:01,-1.3
108,서울,2020-02-08 23:02,-1.3
108,서울,2020-02-08 23:03,-1.3
108,서울,2020-02-08 23:04,-1.3
108,서울,2020-02-08 23:05,-1.3
108,서울,2020-02-08 23:06,-1.3
108,서울,2020-02-08 23:07,-1.4
108,서울,2020-02-08 23:08,-1.4
108,서울,2020-02-08 23:09,-1.4
108,서울,2020-02-08 23:10,-1.4
108,서울,2020-02-08 23:11,-1.4
108,서울,2020-02-08 23:12,-1.4
108,서울,2020-02-08 23:13,-1.4
108,서울,2020-02-08 23:14,-1.4
108,서울,2020-02-08 23:15,-1.5
108,서울,2020-02-08 23:16,-1.5
108,서울,2020-02-08 23:17,-1.5
108,서울,2020-02-08 23:18,-1.5
108,서울,2020-02-08 23:19,-1.5
108,서울,2020-02-08 23:20,-1.5
108,서울,2020-02-08 23:21,-1.5
108,서울,2020-02-08 23:22,-1.5
108,서울,2020-02-08 23:23,-1.5
108,서울,2020-02-08 23:24,-1.5
108,서울,2020-02-08 23:25,-1.5
108,서울,2020-02-08 23:26,-1.6
108,서울,2020-02-08 23:27,-1.5
108,서울,2020-02-08 23:28,-1.6
108,서울,2020-02-08 23:29,-1.6
108,서울,2020-02-08 23:30,-1.6
108,서울,2020-02-08 23:31,-1.6
108,서울,2020-02-08 23:32,-1.6
108,서울,2020-02-08 23:33,-1.6
108,서울,2020-02-08 23:34,-1.6
108,서울,2020-02-08 23:35,-1.6
108,서울,2020-02-08 23:36,-1.7
108,서울,2020-02-08 23:37,-1.7
108,서울,2020-02-08 23:38,-1.7
108,서울,2020-02-08 23:39,-1.7
108,서울,2020-02-08 23:40,-1.7
108,서울,2020-02-08 23:41,-1.7
108,서울,2020-02-08 23:42,-1.8
108,서울,2020-02-08 23:43,-1.8
108,서울,2020-02-08 23:44,-1.8
108,서울,2020-02-08 23:45,-1.8
108,서울,2020-02-08 23:46,-1.8
108,서울,2020-02-08 23:47,-1.8
108,서울,2020-02-08 23:48,-1.8
108,서울,2020-02-08 23:49,-1.8
108,서울,2020-02-08 23:50,-1.8
108,서울,2020-02-08 23:51,-1.9
108,서울,2020-02-08 23:52,-1.9
108,서울,2020-02-08 23:53,-1.9
108,서울,2020-02-08 23:54,-1.9
108,서울,2020-02-08 23:55,-1.9
108,서울,2020-02-08 23:56,-2
108,서울,2020-02-08 23:57,-2
108,서울,2020-02-08 23:58,-2
108,서울,2020-02-08 23:59,-2
108,서울,2020-02-09 00:00,-2
